SET IDENTITY_INSERT dbo.ImpactoClasificado ON;

INSERT INTO ImpactoClasificado (Id, TipoImpacto, GrupoImpacto, SubgrupoImpacto, ClaseImpacto, Descripcion, RelevanciaGeneral) VALUES 
(1, 'Consecuencia', 'Personas', 'Personas', 'Fallecidos', 'Fallecidos', 1),
(2, 'Consecuencia', 'Personas', 'Personas', 'Desaparecidos', 'Desaparecidos', 1),
(3, 'Consecuencia', 'Personas', 'Personas', 'Personas sin hogar', 'Personas sin hogar', 0),
(4, 'Consecuencia', 'Personas', 'Personas', 'Personas aisladas', 'Personas aisladas', 0),
(5, 'Consecuencia', 'Personas', 'Personas', 'Heridos', 'Heridos', 1),
(6, 'Consecuencia', 'Personas', 'Personas', 'Heridos', 'Quemados', 1),
(7, 'Consecuencia', 'Personas', 'Personas', 'Heridos', 'Intoxicados', 1),
(8, 'Consecuencia', 'Personas', 'Personas', 'Heridos', 'Contagiados', 1),
(9, 'Consecuencia', 'Personas', 'Personas', 'Heridos', 'Contaminados', 1),
(10, 'Consecuencia', 'Personas', 'Personas', 'Heridos', 'Irradiados', 1),
(11, 'Actuación', 'Personas', 'Personas', 'Rescate de personas', 'Rescate de personas', 0),
(12, 'Actuación', 'Personas', 'Personas', 'Evacuación', 'Evacuación', 1),
(13, 'Actuación', 'Personas', 'Personas', 'Albergue', 'Albergue', 0),
(14, 'Actuación', 'Personas', 'Personas', 'Confinamiento', 'Confinamiento', 0),
(15, 'Actuación', 'Personas', 'Personas', 'Realojo', 'Realojo', 0),
(16, 'Actuación', 'Personas', 'Personas', 'Asistencia psicosocial', 'Asistencia psicosocial', 0),
(17, 'Actuación', 'Personas', 'Personas', 'Búsqueda de personas', 'Búsqueda de personas', 0),
(18, 'Actuación', 'Personas', 'Personas', 'Identificación de cadáveres', 'Identificación de cadáveres', 0),
(19, 'Actuación', 'Personas', 'Personas', 'Asistencia sanitaria', 'Asistencia sanitaria', 0),
(20, 'Actuación', 'Personas', 'Personas', 'Asistencia sanitaria', 'Hospitalización', 0),
(21, 'Actuación', 'Personas', 'Personas', 'Asistencia sanitaria', 'Traslado de pacientes a otros hospitales', 0),
(22, 'Actuación', 'Personas', 'Personas', 'Profilaxis radiológica', 'Profilaxis radiológica', 0),
(23, 'Actuación', 'Personas', 'Personas', 'Medidas de protección personal', 'Medidas de protección personal', 0),
(24, 'Actuación', 'Personas', 'Personas', 'Activación de ECD/ABRS', 'Activación de ECD', 0),
(25, 'Actuación', 'Personas', 'Personas', 'Activación de ECD/ABRS', 'Activación de ABRS', 0),
(26, 'Consecuencia', 'Servicios básicos', 'Anomalias en los servicios básicos', 'Anomalias en el suministro de agua', 'Anomalias en el suministro de agua', 0),
(27, 'Consecuencia', 'Servicios básicos', 'Anomalias en los servicios básicos', 'Anomalias en el suministro de electricidad', 'Anomalias en el suministro de electricidad', 0),
(28, 'Consecuencia', 'Servicios básicos', 'Anomalias en los servicios básicos', 'Anomalias en el suministro de gas', 'Anomalias en el suministro de gas', 0),
(29, 'Consecuencia', 'Servicios básicos', 'Anomalias en los servicios básicos', 'Anomalias en la red de alcantarillado', 'Anomalias en la red de alcantarillado', 0),
(30, 'Consecuencia', 'Servicios básicos', 'Anomalias en los servicios básicos', 'Anomalias en la red de saneamiento', 'Anomalias en la red de saneamiento', 0),
(31, 'Actuación', 'Servicios básicos', 'Anomalias en los servicios básicos', 'Interrupción de servicios educativos', 'Interrupción de servicios educativos', 0),
(32, 'Consecuencia', 'Servicios básicos', 'Anomalias en los servicios básicos', 'Interrupción de servicios sanitarios', 'Interrupción de servicios sanitarios', 0),
(33, 'Consecuencia', 'Servicios básicos', 'Anomalias en los servicios básicos', 'Anomalias en comunicaciones telefónicas y telemáticas', 'Anomalias en la telefonía fija', 0),
(34, 'Consecuencia', 'Servicios básicos', 'Anomalias en los servicios básicos', 'Anomalias en comunicaciones telefónicas y telemáticas', 'Anomalias en la telefonía móvil', 0),
(35, 'Consecuencia', 'Servicios básicos', 'Anomalias en los servicios básicos', 'Anomalias en comunicaciones telefónicas y telemáticas', 'Cortes de conexión a internet', 0),
(36, 'Consecuencia', 'Servicios básicos', 'Anomalias en los servicios básicos', 'Anomalias en el tráfico ferroviario', 'Anomalias en el tráfico ferroviario de la red convencional', 0),
(37, 'Consecuencia', 'Servicios básicos', 'Anomalias en los servicios básicos', 'Anomalias en el tráfico ferroviario', 'Anomalias en el tráfico ferroviario de alta velocidad', 0),
(38, 'Consecuencia', 'Servicios básicos', 'Anomalias en los servicios básicos', 'Anomalias en tráfico aéreo', 'Anomalias en tráfico aéreo', 0),
(39, 'Consecuencia', 'Servicios básicos', 'Anomalias en los servicios básicos', 'Interrupción de tráfico marítimo', 'Interrupción de tráfico marítimo', 0),
(40, 'Actuación', 'Servicios básicos', 'Anomalias en los servicios básicos', 'Anomalias en tráfico aéreo', 'Seguridad en la navegación aérea', 0),
(41, 'Actuación', 'Servicios básicos', 'Anomalias en los servicios básicos', 'Restablecimiento de servicios básicos', 'Restablecimiento de servicios básicos', 0),
(42, 'Consecuencia', 'Servicios básicos', 'Vialidad en carreteras', 'Corte de carreteras', 'Circulación nivel negro en vías de alta capacidad', 0),
(43, 'Consecuencia', 'Servicios básicos', 'Vialidad en carreteras', 'Corte de carreteras', 'Circulación nivel negro en carreteras ------', 0),
(44, 'Consecuencia', 'Servicios básicos', 'Vialidad en carreteras', 'Incidencia en carreteras', 'Circulación nivel rojo', 0),
(45, 'Consecuencia', 'Servicios básicos', 'Vialidad en carreteras', 'Incidencia en carreteras', 'Circulación nivel amarillo', 0),
(46, 'Consecuencia', 'Daños', 'Daños en edificaciones', 'Daños en edificaciones en zonas urbanas', 'Daños en viviendas unifamiliares', 0),
(47, 'Consecuencia', 'Daños', 'Daños en edificaciones', 'Daños en edificaciones en zonas urbanas', 'Daños en edificios de viviendas', 0),
(48, 'Consecuencia', 'Daños', 'Daños en edificaciones', 'Daños en bienes agropecuarios', 'Daños en viviendas en medio rural o forestal', 0),
(49, 'Consecuencia', 'Daños', 'Daños en edificaciones', 'Daños en bienes agropecuarios', 'Daños en instalaciones agropecuarias', 0),
(50, 'Consecuencia', 'Daños', 'Daños en edificaciones', 'Daños en edificaciones en zonas urbanas', 'Daños en garajes', 0),
(51, 'Consecuencia', 'Daños', 'Daños en edificaciones', 'Daños en edificaciones en zonas urbanas', 'Daños en oficinas, comercios y almacenes', 0),
(52, 'Actuación', 'Daños', 'Daños en edificaciones', 'Inspección de edificios', 'Inspección de edificios', 0),
(53, 'Consecuencia', 'Daños', 'Daños en redes de distribución', 'Daños en la red de suministro de agua', 'Daños en la red de suministro de agua', 0),
(54, 'Consecuencia', 'Daños', 'Daños en redes de distribución', 'Daños en la red de distribución eléctrica', 'Daños en la red de distribución energía eléctrica', 0),
(55, 'Consecuencia', 'Daños', 'Daños en redes de distribución', 'Daños en la red de distribución de gas', 'Daños en la red de distribución de gas', 0),
(56, 'Consecuencia', 'Daños', 'Daños en redes de distribución', 'Daños en la red de saneamiento', 'Daños en la red de saneamiento', 0),
(57, 'Consecuencia', 'Daños', 'Daños en redes de distribución', 'Daños en vías urbanas', 'Daños en vías urbanas', 0),
(58, 'Consecuencia', 'Daños', 'Daños en redes de distribución', 'Daños en carreteras', 'Daños en carreteras', 0),
(59, 'Consecuencia', 'Daños', 'Daños en redes de distribución', 'Daños en la red de ferrocarril', 'Daños en la red de ferrocarril', 0),
(60, 'Consecuencia', 'Daños', 'Daños en redes de distribución', 'Daños en las telecomunicaciones', 'Daños en las telecomunicaciones', 0),
(61, 'Consecuencia', 'Daños', 'Daños en redes de distribución', 'Daños en oleoductos', 'Daños en oleoducto', 0),
(62, 'Consecuencia', 'Daños', 'Daños en construcciones de especial importancia', 'Daños en puertos marítimos', 'Daños en puertos marítimos', 0),
(63, 'Consecuencia', 'Daños', 'Daños en construcciones de especial importancia', 'Daños en aeropuertos', 'Daños en aeropuertos', 0),
(64, 'Consecuencia', 'Daños', 'Daños en construcciones de especial importancia', 'Daños en bienes industriales', 'Daños en bienes industriales', 0),
(65, 'Consecuencia', 'Daños', 'Daños en construcciones de especial importancia', 'Daños en construcciones de especial importancia', 'Daños en presas', 0),
(66, 'Consecuencia', 'Daños', 'Daños en construcciones de especial importancia', 'Daños en construcciones de especial importancia', 'Daños en centros operativos FAS y C Seguridad', 0),
(67, 'Consecuencia', 'Daños', 'Daños en construcciones de especial importancia', 'Daños en construcciones de especial importancia', 'Daños en centros sanitarios', 0),
(68, 'Consecuencia', 'Daños', 'Daños en construcciones de especial importancia', 'Daños en construcciones de especial importancia', 'Daños en centros educativos', 0),
(69, 'Consecuencia', 'Daños', 'Daños en construcciones de especial importancia', 'Daños en construcciones de especial importancia', 'Daños en parques de bomberos', 0),
(70, 'Consecuencia', 'Daños', 'Daños en construcciones de especial importancia', 'Daños en construcciones de especial importancia', 'Daños en edificios de uso público', 0),
(71, 'Consecuencia', 'Daños', 'Daños en construcciones de especial importancia', 'Daños en construcciones de especial importancia', 'Daños en edificios histórico-artísticos', 0),
(72, 'Consecuencia', 'Daños', 'Daños en construcciones de especial importancia', 'Daños en construcciones de especial importancia', 'Daños en otras construcciones', 0),
(73, 'Consecuencia', 'Medio natural y otros', 'Medio natural', 'Daños en bienes agropecuarios', 'Daños en agricultura', 0),
(74, 'Consecuencia', 'Medio natural y otros', 'Medio natural', 'Daños en bienes agropecuarios', 'Daños a animales', 0),
(75, 'Consecuencia', 'Medio natural y otros', 'Medio natural', 'Efectos geomorfológicos', 'Efectos geomorfológicos', 0),
(76, 'Consecuencia', 'Medio natural y otros', 'Medio natural', 'Efectos hidrológicos', 'Efectos hidrológicos', 0),
(77, 'Consecuencia', 'Medio natural y otros', 'Medio natural', 'Contaminación', 'Contaminación hídrica', 0),
(78, 'Consecuencia', 'Medio natural y otros', 'Medio natural', 'Contaminación', 'Nube tóxica', 0),
(79, 'Consecuencia', 'Medio natural y otros', 'Medio natural', 'Contaminación', 'Contaminación del suelo', 0),
(80, 'Consecuencia', 'Medio natural y otros', 'Medio natural', 'Contaminación', 'Contaminación marina', 0),
(81, 'Consecuencia', 'Medio natural y otros', 'Medio natural', 'Efectos hidrológicos', 'Desbordamiento de ríos', 0),
(82, 'Consecuencia', 'Medio natural y otros', 'Medio natural', 'Vertido de sustancias químicas', 'Vertido de sustancias químicas', 0),
(83, 'Consecuencia', 'Medio natural y otros', 'Medio natural', 'Contaminación', 'Contaminación radiológica', 0),
(84, 'Actuación', 'Medio natural y otros', 'Medio natural', 'Control de accesos', 'Control de accesos', 0),
(85, 'Actuación', 'Medio natural y otros', 'Medio natural', 'Control de agua y alimentos', 'Control de agua y alimentos', 0),
(86, 'Actuación', 'Medio natural y otros', 'Medio natural', 'Estabulación de animales', 'Estabulación de animales', 0),
(87, 'Consecuencia', 'Medio natural y otros', 'Medio natural', 'Otros', 'Otros efectos en el medio natural', 0),
(88, 'Consecuencia', 'Medio natural y otros', 'Otros', 'Daños en áreas urbanas', 'Caída de árboles', 0),
(89, 'Consecuencia', 'Medio natural y otros', 'Otros', 'Daños en áreas urbanas', 'Daños en vehículos automoviles', 0),
(90, 'Consecuencia', 'Medio natural y otros', 'Otros', 'Daños en áreas urbanas', 'Daños en mobiliario urbano', 0),
(91, 'Consecuencia', 'Medio natural y otros', 'Otros', 'Otros', 'Impacto económico', 0),
(92, 'Consecuencia', 'Medio natural y otros', 'Otros', 'Otros', 'Otras consecuencias', 0),
(93, 'Actuación', 'Medio natural y otros', 'Otros', 'Medidas administrativas públicas', 'Medidas administrativas públicas', 0),
(94, 'Actuación', 'Medio natural y otros', 'Otros', 'Monitorización y evaluación', 'Monitorización y evaluación', 0),
(95, 'Actuación', 'Medio natural y otros', 'Otros', 'Medidas de reconstrucción', 'Medidas de reconstrucción', 0),
(96, 'Actuación', 'Medio natural y otros', 'Otros', 'Medidas administrativas públicas', 'Concesión de subvenciones', 0),
(97, 'Actuación', 'Medio natural y otros', 'Otros', 'Otros', 'Otras actuaciones', 0);


SET IDENTITY_INSERT dbo.ImpactoClasificado OFF;

INSERT INTO ValidacionImpactoClasificado (IdImpactoClasificado, Campo, TipoCampo, EsObligatorio, Etiqueta) VALUES
(1, 'Nuclear', 'Checkbox', 1, 'Nuclear'),
(1, 'ValorAD', 'Text', 1, 'Valor AD'),
(1, 'Numero', 'Text', 1, 'Número'),
(1, 'Observaciones', 'Text', 1, 'Observaciones'),
(1, 'FechaHora', 'Datetime', 1, 'Fecha y Hora'),
(1, 'Causa', 'Text', 1, 'Causa');


INSERT INTO ValidacionImpactoClasificado (IdImpactoClasificado, Campo, TipoCampo, EsObligatorio, Etiqueta) VALUES 
(2, 'Nuclear', 'Checkbox', 1, 'Nuclear'),
(2, 'ValorAD', 'Text', 1, 'Valor AD'),
(2, 'Numero', 'Text', 1, 'Número'),
(2, 'Observaciones', 'Text', 1, 'Observaciones'),
(2, 'FechaHoraInicio', 'Datetime', 1, 'Fecha y hora Inicio'),
(2, 'FechaHoraFin', 'Datetime', 1, 'Fecha y hora Fin');


INSERT INTO ValidacionImpactoClasificado (IdImpactoClasificado, Campo, TipoCampo, EsObligatorio, Etiqueta) VALUES 
(3, 'Nuclear', 'Checkbox', 1, 'Nuclear'),
(3, 'ValorAD', 'Text', 1, 'Valor AD'),
(3, 'Numero', 'Text', 1, 'Número'),
(3, 'Observaciones', 'Text', 1, 'Observaciones'),
(3, 'FechaHoraInicio', 'Datetime', 1, 'Fecha y hora Inicio'),
(3, 'FechaHoraFin', 'Datetime', 1, 'Fecha y hora Fin');


INSERT INTO ValidacionImpactoClasificado (IdImpactoClasificado, Campo, TipoCampo, EsObligatorio, Etiqueta) VALUES 
(4, 'Nuclear', 'Checkbox', 1, 'Nuclear'),
(4, 'ValorAD', 'Text', 1, 'Valor AD'),
(4, 'Numero', 'Text', 1, 'Número'),
(4, 'Observaciones', 'Text', 1, 'Observaciones'),
(4, 'FechaHoraInicio', 'Datetime', 1, 'Fecha y hora Inicio'),
(4, 'FechaHoraFin', 'Datetime', 1, 'Fecha y hora Fin');


INSERT INTO ValidacionImpactoClasificado (IdImpactoClasificado, Campo, TipoCampo, EsObligatorio, Etiqueta) VALUES 
(5, 'Nuclear', 'Checkbox', 1, 'Nuclear'),
(5, 'ValorAD', 'Text', 1, 'Valor AD'),
(5, 'Numero', 'Text', 1, 'Número'),
(5, 'Observaciones', 'Text', 1, 'Observaciones'),
(5, 'FechaHora', 'Datetime', 1, 'Fecha y hora'),
(5, 'NumeroGraves', 'Text', 1, 'Nº graves'),
(5, 'NumeroIntervinientes', 'Text', 1, 'Nº intervinientes');


INSERT INTO ValidacionImpactoClasificado (IdImpactoClasificado, Campo, TipoCampo, EsObligatorio, Etiqueta) VALUES 
(6, 'Nuclear', 'Checkbox', 1, 'Nuclear'),
(6, 'ValorAD', 'Text', 1, 'Valor AD'),
(6, 'Numero', 'Text', 1, 'Número'),
(6, 'Observaciones', 'Text', 1, 'Observaciones'),
(6, 'FechaHora', 'Datetime', 1, 'Fecha y hora'),
(6, 'NumeroGraves', 'Text', 1, 'Nº graves'),
(6, 'NumeroIntervinientes', 'Text', 1, 'Nº intervinientes'),
(7, 'Nuclear', 'Checkbox', 1, 'Nuclear'),
(7, 'ValorAD', 'Text', 1, 'Valor AD'),
(7, 'Numero', 'Text', 1, 'Número'),
(7, 'Observaciones', 'Text', 1, 'Observaciones'),
(7, 'FechaHora', 'Datetime', 1, 'Fecha y hora'),
(7, 'NumeroGraves', 'Text', 1, 'Nº graves'),
(7, 'NumeroIntervinientes', 'Text', 1, 'Nº intervinientes'),
(8, 'Nuclear', 'Checkbox', 1, 'Nuclear'),
(8, 'ValorAD', 'Text', 1, 'Valor AD'),
(8, 'Numero', 'Text', 1, 'Número'),
(8, 'Observaciones', 'Text', 1, 'Observaciones'),
(8, 'FechaHora', 'Datetime', 1, 'Fecha y hora'),
(8, 'NumeroGraves', 'Text', 1, 'Nº graves'),
(8, 'NumeroIntervinientes', 'Text', 1, 'Nº intervinientes'),
(9, 'Nuclear', 'Checkbox', 1, 'Nuclear'),
(9, 'ValorAD', 'Text', 1, 'Valor AD'),
(9, 'Numero', 'Text', 1, 'Número'),
(9, 'Observaciones', 'Text', 1, 'Observaciones'),
(9, 'FechaHora', 'Datetime', 1, 'Fecha y hora'),
(9, 'NumeroGraves', 'Text', 1, 'Nº graves'),
(9, 'NumeroIntervinientes', 'Text', 1, 'Nº intervinientes'),
(10, 'Nuclear', 'Checkbox', 1, 'Nuclear'),
(10, 'ValorAD', 'Text', 1, 'Valor AD'),
(10, 'Numero', 'Text', 1, 'Número'),
(10, 'Observaciones', 'Text', 1, 'Observaciones'),
(10, 'FechaHora', 'Datetime', 1, 'Fecha y hora'),
(10, 'NumeroGraves', 'Text', 1, 'Nº graves'),
(10, 'NumeroIntervinientes', 'Text', 1, 'Nº intervinientes'),
(11, 'Nuclear', 'Checkbox', 1, 'Nuclear'),
(11, 'ValorAD', 'Text', 1, 'Valor AD'),
(11, 'Numero', 'Text', 1, 'Número'),
(11, 'Observaciones', 'Text', 1, 'Observaciones'),
(11, 'FechaHora', 'Datetime', 1, 'Fecha y hora'),
(11, 'NumeroGraves', 'Text', 1, 'Nº graves'),
(11, 'NumeroIntervinientes', 'Text', 1, 'Nº intervinientes'),
(12, 'Nuclear', 'Checkbox', 1, 'Nuclear'),
(12, 'ValorAD', 'Text', 1, 'Valor AD'),
(12, 'Numero', 'Text', 1, 'Número'),
(12, 'Observaciones', 'Text', 1, 'Observaciones'),
(12, 'FechaHoraInicio', 'Datetime', 1, 'Fecha y hora Inicio'),
(12, 'FechaHoraFin', 'Datetime', 1, 'Fecha y hora Fin'),
(13, 'Nuclear', 'Checkbox', 1, 'Nuclear'),
(13, 'ValorAD', 'Text', 1, 'Valor AD'),
(13, 'Numero', 'Text', 1, 'Número'),
(13, 'Observaciones', 'Text', 1, 'Observaciones'),
(13, 'FechaHoraInicio', 'Datetime', 1, 'Fecha y hora Inicio'),
(13, 'FechaHoraFin', 'Datetime', 1, 'Fecha y hora Fin'),
(14, 'Nuclear', 'Checkbox', 1, 'Nuclear'),
(14, 'ValorAD', 'Text', 1, 'Valor AD'),
(14, 'Numero', 'Text', 1, 'Número'),
(14, 'Observaciones', 'Text', 1, 'Observaciones'),
(14, 'FechaHoraInicio', 'Datetime', 1, 'Fecha y hora Inicio'),
(14, 'FechaHoraFin', 'Datetime', 1, 'Fecha y hora Fin'),
(15, 'Nuclear', 'Checkbox', 1, 'Nuclear'),
(15, 'ValorAD', 'Text', 1, 'Valor AD'),
(15, 'Numero', 'Text', 1, 'Número'),
(15, 'Observaciones', 'Text', 1, 'Observaciones'),
(15, 'FechaHoraInicio', 'Datetime', 1, 'Fecha y hora Inicio'),
(15, 'FechaHoraFin', 'Datetime', 1, 'Fecha y hora Fin'),
(16, 'Nuclear', 'Checkbox', 1, 'Nuclear'),
(16, 'ValorAD', 'Text', 1, 'Valor AD'),
(16, 'Numero', 'Text', 1, 'Número'),
(16, 'Observaciones', 'Text', 1, 'Observaciones'),
(16, 'FechaHora', 'Datetime', 1, 'Fecha y hora'),
(17, 'Nuclear', 'Checkbox', 1, 'Nuclear'),
(17, 'ValorAD', 'Text', 1, 'Valor AD'),
(17, 'Numero', 'Text', 1, 'Número'),
(17, 'Observaciones', 'Text', 1, 'Observaciones'),
(17, 'FechaHoraInicio', 'Datetime', 1, 'Fecha y hora Inicio'),
(17, 'FechaHoraFin', 'Datetime', 1, 'Fecha y hora Fin'),
(18, 'Nuclear', 'Checkbox', 1, 'Nuclear'),
(18, 'ValorAD', 'Text', 1, 'Valor AD'),
(18, 'Numero', 'Text', 1, 'Número'),
(18, 'Observaciones', 'Text', 1, 'Observaciones'),
(18, 'FechaHora', 'Datetime', 1, 'Fecha y hora'),
(19, 'Nuclear', 'Checkbox', 1, 'Nuclear'),
(19, 'ValorAD', 'Text', 1, 'Valor AD'),
(19, 'Numero', 'Text', 1, 'Número'),
(19, 'Observaciones', 'Text', 1, 'Observaciones'),
(19, 'FechaHora', 'Datetime', 1, 'Fecha y hora'),
(20, 'Nuclear', 'Checkbox', 1, 'Nuclear'),
(20, 'ValorAD', 'Text', 1, 'Valor AD'),
(20, 'Numero', 'Text', 1, 'Número'),
(20, 'Observaciones', 'Text', 1, 'Observaciones'),
(20, 'FechaHora', 'Datetime', 1, 'Fecha y hora'),
(21, 'Nuclear', 'Checkbox', 1, 'Nuclear'),
(21, 'ValorAD', 'Text', 1, 'Valor AD'),
(21, 'Numero', 'Text', 1, 'Número'),
(21, 'Observaciones', 'Text', 1, 'Observaciones'),
(21, 'FechaHora', 'Datetime', 1, 'Fecha y hora'),
(22, 'Nuclear', 'Checkbox', 1, 'Nuclear'),
(22, 'ValorAD', 'Text', 1, 'Valor AD'),
(22, 'Numero', 'Text', 1, 'Número'),
(22, 'Observaciones', 'Text', 1, 'Observaciones'),
(22, 'FechaHoraInicio', 'Datetime', 1, 'Fecha y hora Inicio'),
(22, 'FechaHoraFin', 'Datetime', 1, 'Fecha y hora Fin'),
(23, 'Nuclear', 'Checkbox', 1, 'Nuclear'),
(23, 'ValorAD', 'Text', 1, 'Valor AD'),
(23, 'Numero', 'Text', 1, 'Número'),
(23, 'Observaciones', 'Text', 1, 'Observaciones'),
(23, 'FechaHoraInicio', 'Datetime', 1, 'Fecha y hora Inicio'),
(23, 'FechaHoraFin', 'Datetime', 1, 'Fecha y hora Fin'),
(24, 'Nuclear', 'Checkbox', 1, 'Nuclear'),
(24, 'ValorAD', 'Text', 1, 'Valor AD'),
(24, 'Numero', 'Text', 1, 'Número'),
(24, 'Observaciones', 'Text', 1, 'Observaciones'),
(24, 'FechaHoraInicio', 'Datetime', 1, 'Fecha y hora Inicio'),
(24, 'FechaHoraFin', 'Datetime', 1, 'Fecha y hora Fin'),
(25, 'Nuclear', 'Checkbox', 1, 'Nuclear'),
(25, 'ValorAD', 'Text', 1, 'Valor AD'),
(25, 'Numero', 'Text', 1, 'Número'),
(25, 'Observaciones', 'Text', 1, 'Observaciones'),
(25, 'FechaHoraInicio', 'Datetime', 1, 'Fecha y hora Inicio'),
(25, 'FechaHoraFin', 'Datetime', 1, 'Fecha y hora Fin'),
(26, 'Nuclear', 'Checkbox', 1, 'Nuclear'),
(26, 'ValorAD', 'Text', 1, 'Valor AD'),
(26, 'Numero', 'Text', 1, 'Número'),
(26, 'Observaciones', 'Text', 1, 'Observaciones'),
(26, 'FechaHoraInicio', 'Datetime', 1, 'Fecha y hora Inicio'),
(26, 'FechaHoraFin', 'Datetime', 1, 'Fecha y hora Fin'),
(26, 'AlteracionInterrupcion', 'Checkbox', 1, 'Alteracion / Interrupcion'),
(26, 'NumeroUsuarios', 'Text', 1, 'Nº usuarios'),
(26, 'NumeroLocalidades', 'Text', 1, 'Nº localidades'),
(27, 'Nuclear', 'Checkbox', 1, 'Nuclear'),
(27, 'ValorAD', 'Text', 1, 'Valor AD'),
(27, 'Numero', 'Text', 1, 'Número'),
(27, 'Observaciones', 'Text', 1, 'Observaciones'),
(27, 'FechaHoraInicio', 'Datetime', 1, 'Fecha y hora Inicio'),
(27, 'FechaHoraFin', 'Datetime', 1, 'Fecha y hora Fin'),
(27, 'AlteracionInterrupcion', 'Checkbox', 1, 'Alteracion / Interrupcion'),
(27, 'NumeroUsuarios', 'Text', 1, 'Nº usuarios'),
(27, 'NumeroLocalidades', 'Text', 1, 'Nº localidades'),
(28, 'Nuclear', 'Checkbox', 1, 'Nuclear'),
(28, 'ValorAD', 'Text', 1, 'Valor AD'),
(28, 'Numero', 'Text', 1, 'Número'),
(28, 'Observaciones', 'Text', 1, 'Observaciones'),
(28, 'FechaHoraInicio', 'Datetime', 1, 'Fecha y hora Inicio'),
(28, 'FechaHoraFin', 'Datetime', 1, 'Fecha y hora Fin'),
(28, 'AlteracionInterrupcion', 'Checkbox', 1, 'Alteracion / Interrupcion'),
(28, 'NumeroUsuarios', 'Text', 1, 'Nº usuarios'),
(28, 'NumeroLocalidades', 'Text', 1, 'Nº localidades'),
(29, 'Nuclear', 'Checkbox', 1, 'Nuclear'),
(29, 'ValorAD', 'Text', 1, 'Valor AD'),
(29, 'Numero', 'Text', 1, 'Número'),
(29, 'Observaciones', 'Text', 1, 'Observaciones'),
(29, 'FechaHoraInicio', 'Datetime', 1, 'Fecha y hora Inicio'),
(29, 'FechaHoraFin', 'Datetime', 1, 'Fecha y hora Fin'),
(29, 'AlteracionInterrupcion', 'Checkbox', 1, 'Alteracion / Interrupcion'),
(29, 'NumeroUsuarios', 'Text', 1, 'Nº usuarios'),
(29, 'NumeroLocalidades', 'Text', 1, 'Nº localidades'),
(30, 'Nuclear', 'Checkbox', 1, 'Nuclear'),
(30, 'ValorAD', 'Text', 1, 'Valor AD'),
(30, 'Numero', 'Text', 1, 'Número'),
(30, 'Observaciones', 'Text', 1, 'Observaciones'),
(30, 'FechaHoraInicio', 'Datetime', 1, 'Fecha y hora Inicio'),
(30, 'FechaHoraFin', 'Datetime', 1, 'Fecha y hora Fin'),
(30, 'AlteracionInterrupcion', 'Checkbox', 1, 'Alteracion / Interrupcion'),
(30, 'NumeroUsuarios', 'Text', 1, 'Nº usuarios'),
(30, 'NumeroLocalidades', 'Text', 1, 'Nº localidades'),
(31, 'Nuclear', 'Checkbox', 1, 'Nuclear'),
(31, 'ValorAD', 'Text', 1, 'Valor AD'),
(31, 'Numero', 'Text', 1, 'Número'),
(31, 'Observaciones', 'Text', 1, 'Observaciones'),
(31, 'FechaHoraInicio', 'Datetime', 1, 'Fecha y hora Inicio'),
(31, 'FechaHoraFin', 'Datetime', 1, 'Fecha y hora Fin'),
(31, 'NumeroUsuarios', 'Text', 1, 'Nº usuarios'),
(31, 'NumeroLocalidades', 'Text', 1, 'Nº localidades'),
(32, 'Nuclear', 'Checkbox', 1, 'Nuclear'),
(32, 'ValorAD', 'Text', 1, 'Valor AD'),
(32, 'Numero', 'Text', 1, 'Número'),
(32, 'Observaciones', 'Text', 1, 'Observaciones'),
(32, 'FechaHoraInicio', 'Datetime', 1, 'Fecha y hora Inicio'),
(32, 'FechaHoraFin', 'Datetime', 1, 'Fecha y hora Fin'),
(32, 'NumeroUsuarios', 'Text', 1, 'Nº usuarios'),
(32, 'NumeroLocalidades', 'Text', 1, 'Nº localidades'),
(33, 'Nuclear', 'Checkbox', 1, 'Nuclear'),
(33, 'ValorAD', 'Text', 1, 'Valor AD'),
(33, 'Numero', 'Text', 1, 'Número'),
(33, 'Observaciones', 'Text', 1, 'Observaciones'),
(33, 'FechaHoraInicio', 'Datetime', 1, 'Fecha y hora Inicio'),
(33, 'FechaHoraFin', 'Datetime', 1, 'Fecha y hora Fin'),
(33, 'AlteracionInterrupcion', 'Checkbox', 1, 'Alteracion / Interrupcion'),
(33, 'NumeroUsuarios', 'Text', 1, 'Nº usuarios'),
(33, 'NumeroLocalidades', 'Text', 1, 'Nº localidades'),
(34, 'Nuclear', 'Checkbox', 1, 'Nuclear'),
(34, 'ValorAD', 'Text', 1, 'Valor AD'),
(34, 'Numero', 'Text', 1, 'Número'),
(34, 'Observaciones', 'Text', 1, 'Observaciones'),
(34, 'FechaHoraInicio', 'Datetime', 1, 'Fecha y hora Inicio'),
(34, 'FechaHoraFin', 'Datetime', 1, 'Fecha y hora Fin'),
(34, 'AlteracionInterrupcion', 'Checkbox', 1, 'Alteracion / Interrupcion'),
(34, 'NumeroUsuarios', 'Text', 1, 'Nº usuarios'),
(34, 'NumeroLocalidades', 'Text', 1, 'Nº localidades'),
(35, 'Nuclear', 'Checkbox', 1, 'Nuclear'),
(35, 'ValorAD', 'Text', 1, 'Valor AD'),
(35, 'Numero', 'Text', 1, 'Número'),
(35, 'Observaciones', 'Text', 1, 'Observaciones'),
(35, 'FechaHoraInicio', 'Datetime', 1, 'Fecha y hora Inicio'),
(35, 'FechaHoraFin', 'Datetime', 1, 'Fecha y hora Fin'),
(35, 'AlteracionInterrupcion', 'Checkbox', 1, 'Alteracion / Interrupcion'),
(35, 'NumeroUsuarios', 'Text', 1, 'Nº usuarios'),
(35, 'NumeroLocalidades', 'Text', 1, 'Nº localidades'),
(36, 'Nuclear', 'Checkbox', 1, 'Nuclear'),
(36, 'ValorAD', 'Text', 1, 'Valor AD'),
(36, 'Numero', 'Text', 1, 'Número'),
(36, 'Observaciones', 'Text', 1, 'Observaciones'),
(36, 'FechaHoraInicio', 'Datetime', 1, 'Fecha y hora Inicio'),
(36, 'FechaHoraFin', 'Datetime', 1, 'Fecha y hora Fin'),
(36, 'AlteracionInterrupcion', 'Checkbox', 1, 'Alteracion / Interrupcion'),
(36, 'NumeroUsuarios', 'Text', 1, 'Nº usuarios'),
(36, 'NumeroServicios', 'Text', 1, 'Nº servicios'),
(37, 'Nuclear', 'Checkbox', 1, 'Nuclear'),
(37, 'ValorAD', 'Text', 1, 'Valor AD'),
(37, 'Numero', 'Text', 1, 'Número'),
(37, 'Observaciones', 'Text', 1, 'Observaciones'),
(37, 'FechaHoraInicio', 'Datetime', 1, 'Fecha y hora Inicio'),
(37, 'FechaHoraFin', 'Datetime', 1, 'Fecha y hora Fin'),
(37, 'AlteracionInterrupcion', 'Checkbox', 1, 'Alteracion / Interrupcion'),
(37, 'NumeroUsuarios', 'Text', 1, 'Nº usuarios'),
(37, 'NumeroServicios', 'Text', 1, 'Nº servicios'),
(38, 'Nuclear', 'Checkbox', 1, 'Nuclear'),
(38, 'ValorAD', 'Text', 1, 'Valor AD'),
(38, 'Numero', 'Text', 1, 'Número'),
(38, 'Observaciones', 'Text', 1, 'Observaciones'),
(38, 'FechaHoraInicio', 'Datetime', 1, 'Fecha y hora Inicio'),
(38, 'FechaHoraFin', 'Datetime', 1, 'Fecha y hora Fin'),
(38, 'AlteracionInterrupcion', 'Checkbox', 1, 'Alteracion / Interrupcion'),
(38, 'NumeroUsuarios', 'Text', 1, 'Nº usuarios'),
(38, 'NumeroServicios', 'Text', 1, 'Nº servicios'),
(39, 'Nuclear', 'Checkbox', 1, 'Nuclear'),
(39, 'ValorAD', 'Text', 1, 'Valor AD'),
(39, 'Numero', 'Text', 1, 'Número'),
(39, 'Observaciones', 'Text', 1, 'Observaciones'),
(39, 'FechaHoraInicio', 'Datetime', 1, 'Fecha y hora Inicio'),
(39, 'FechaHoraFin', 'Datetime', 1, 'Fecha y hora Fin'),
(39, 'AlteracionInterrupcion', 'Checkbox', 1, 'Alteracion / Interrupcion'),
(39, 'NumeroUsuarios', 'Text', 1, 'Nº usuarios'),
(39, 'NumeroServicios', 'Text', 1, 'Nº servicios'),
(40, 'Nuclear', 'Checkbox', 1, 'Nuclear'),
(40, 'ValorAD', 'Text', 1, 'Valor AD'),
(40, 'Numero', 'Text', 1, 'Número'),
(40, 'Observaciones', 'Text', 1, 'Observaciones'),
(40, 'FechaHoraInicio', 'Datetime', 1, 'Fecha y hora Inicio'),
(40, 'FechaHoraFin', 'Datetime', 1, 'Fecha y hora Fin'),
(41, 'Nuclear', 'Checkbox', 1, 'Nuclear'),
(41, 'ValorAD', 'Text', 1, 'Valor AD'),
(41, 'Numero', 'Text', 1, 'Número'),
(41, 'Observaciones', 'Text', 1, 'Observaciones'),
(41, 'FechaHoraInicio', 'Datetime', 1, 'Fecha y hora Inicio'),
(41, 'FechaHoraFin', 'Datetime', 1, 'Fecha y hora Fin'),
(42, 'Nuclear', 'Checkbox', 1, 'Nuclear'),
(42, 'ValorAD', 'Text', 1, 'Valor AD'),
(42, 'Numero', 'Text', 1, 'Número'),
(42, 'Observaciones', 'Text', 1, 'Observaciones'),
(42, 'FechaHoraInicio', 'Datetime', 1, 'Fecha y hora Inicio'),
(42, 'FechaHoraFin', 'Datetime', 1, 'Fecha y hora Fin'),
(42, 'NumeroUsuarios', 'Text', 1, 'Nº usuarios'),
(43, 'Nuclear', 'Checkbox', 1, 'Nuclear'),
(43, 'ValorAD', 'Text', 1, 'Valor AD'),
(43, 'Numero', 'Text', 1, 'Número'),
(43, 'Observaciones', 'Text', 1, 'Observaciones'),
(43, 'FechaHoraInicio', 'Datetime', 1, 'Fecha y hora Inicio'),
(43, 'FechaHoraFin', 'Datetime', 1, 'Fecha y hora Fin'),
(43, 'NumeroUsuarios', 'Text', 1, 'Nº usuarios'),
(44, 'Nuclear', 'Checkbox', 1, 'Nuclear'),
(44, 'ValorAD', 'Text', 1, 'Valor AD'),
(44, 'Numero', 'Text', 1, 'Número'),
(44, 'Observaciones', 'Text', 1, 'Observaciones'),
(44, 'FechaHoraInicio', 'Datetime', 1, 'Fecha y hora Inicio'),
(44, 'FechaHoraFin', 'Datetime', 1, 'Fecha y hora Fin'),
(45, 'Nuclear', 'Checkbox', 1, 'Nuclear'),
(45, 'ValorAD', 'Text', 1, 'Valor AD'),
(45, 'Numero', 'Text', 1, 'Número'),
(45, 'Observaciones', 'Text', 1, 'Observaciones'),
(45, 'FechaHoraInicio', 'Datetime', 1, 'Fecha y hora Inicio'),
(45, 'FechaHoraFin', 'Datetime', 1, 'Fecha y hora Fin'),
(46, 'Nuclear', 'Checkbox', 1, 'Nuclear'),
(46, 'ValorAD', 'Text', 1, 'Valor AD'),
(46, 'Numero', 'Text', 1, 'Número'),
(46, 'Observaciones', 'Text', 1, 'Observaciones'),
(46, 'FechaHora', 'Datetime', 1, 'Fecha y hora'),
(46, 'TipoDanio', 'Select', 1, 'Tipo de daño'),
(47, 'Nuclear', 'Checkbox', 1, 'Nuclear'),
(47, 'ValorAD', 'Text', 1, 'Valor AD'),
(47, 'Numero', 'Text', 1, 'Número'),
(47, 'Observaciones', 'Text', 1, 'Observaciones'),
(47, 'FechaHora', 'Datetime', 1, 'Fecha y hora'),
(47, 'TipoDanio', 'Select', 1, 'Tipo de daño'),
(48, 'Nuclear', 'Checkbox', 1, 'Nuclear'),
(48, 'ValorAD', 'Text', 1, 'Valor AD'),
(48, 'Numero', 'Text', 1, 'Número'),
(48, 'Observaciones', 'Text', 1, 'Observaciones'),
(48, 'FechaHora', 'Datetime', 1, 'Fecha y hora'),
(48, 'TipoDanio', 'Select', 1, 'Tipo de daño'),
(49, 'Nuclear', 'Checkbox', 1, 'Nuclear'),
(49, 'ValorAD', 'Text', 1, 'Valor AD'),
(49, 'Numero', 'Text', 1, 'Número'),
(49, 'Observaciones', 'Text', 1, 'Observaciones'),
(49, 'FechaHora', 'Datetime', 1, 'Fecha y hora'),
(49, 'TipoDanio', 'Select', 1, 'Tipo de daño'),
(50, 'Nuclear', 'Checkbox', 1, 'Nuclear'),
(50, 'ValorAD', 'Text', 1, 'Valor AD'),
(50, 'Numero', 'Text', 1, 'Número'),
(50, 'Observaciones', 'Text', 1, 'Observaciones'),
(50, 'FechaHora', 'Datetime', 1, 'Fecha y hora'),
(50, 'TipoDanio', 'Select', 1, 'Tipo de daño'),
(51, 'Nuclear', 'Checkbox', 1, 'Nuclear'),
(51, 'ValorAD', 'Text', 1, 'Valor AD'),
(51, 'Numero', 'Text', 1, 'Número'),
(51, 'Observaciones', 'Text', 1, 'Observaciones'),
(51, 'FechaHora', 'Datetime', 1, 'Fecha y hora'),
(51, 'TipoDanio', 'Select', 1, 'Tipo de daño'),
(52, 'Nuclear', 'Checkbox', 1, 'Nuclear'),
(52, 'ValorAD', 'Text', 1, 'Valor AD'),
(52, 'Numero', 'Text', 1, 'Número'),
(52, 'Observaciones', 'Text', 1, 'Observaciones'),
(52, 'FechaHoraInicio', 'Datetime', 1, 'Fecha y hora Inicio'),
(52, 'FechaHoraFin', 'Datetime', 1, 'Fecha y hora Fin'),
(53, 'Nuclear', 'Checkbox', 1, 'Nuclear'),
(53, 'ValorAD', 'Text', 1, 'Valor AD'),
(53, 'Numero', 'Text', 1, 'Número'),
(53, 'Observaciones', 'Text', 1, 'Observaciones'),
(53, 'FechaHora', 'Datetime', 1, 'Fecha y hora'),
(53, 'TipoDanio', 'Select', 1, 'Tipo de daño'),
(54, 'Nuclear', 'Checkbox', 1, 'Nuclear'),
(54, 'ValorAD', 'Text', 1, 'Valor AD'),
(54, 'Numero', 'Text', 1, 'Número'),
(54, 'Observaciones', 'Text', 1, 'Observaciones'),
(54, 'FechaHora', 'Datetime', 1, 'Fecha y hora'),
(54, 'TipoDanio', 'Select', 1, 'Tipo de daño'),
(55, 'Nuclear', 'Checkbox', 1, 'Nuclear'),
(55, 'ValorAD', 'Text', 1, 'Valor AD'),
(55, 'Numero', 'Text', 1, 'Número'),
(55, 'Observaciones', 'Text', 1, 'Observaciones'),
(55, 'FechaHora', 'Datetime', 1, 'Fecha y hora'),
(55, 'TipoDanio', 'Select', 1, 'Tipo de daño'),
(56, 'Nuclear', 'Checkbox', 1, 'Nuclear'),
(56, 'ValorAD', 'Text', 1, 'Valor AD'),
(56, 'Numero', 'Text', 1, 'Número'),
(56, 'Observaciones', 'Text', 1, 'Observaciones'),
(56, 'FechaHora', 'Datetime', 1, 'Fecha y hora'),
(56, 'TipoDanio', 'Select', 1, 'Tipo de daño'),
(57, 'Nuclear', 'Checkbox', 1, 'Nuclear'),
(57, 'ValorAD', 'Text', 1, 'Valor AD'),
(57, 'Numero', 'Text', 1, 'Número'),
(57, 'Observaciones', 'Text', 1, 'Observaciones'),
(57, 'FechaHora', 'Datetime', 1, 'Fecha y hora'),
(57, 'TipoDanio', 'Select', 1, 'Tipo de daño'),
(58, 'Nuclear', 'Checkbox', 1, 'Nuclear'),
(58, 'ValorAD', 'Text', 1, 'Valor AD'),
(58, 'Numero', 'Text', 1, 'Número'),
(58, 'Observaciones', 'Text', 1, 'Observaciones'),
(58, 'FechaHora', 'Datetime', 1, 'Fecha y hora'),
(58, 'TipoDanio', 'Select', 1, 'Tipo de daño'),
(59, 'Nuclear', 'Checkbox', 1, 'Nuclear'),
(59, 'ValorAD', 'Text', 1, 'Valor AD'),
(59, 'Numero', 'Text', 1, 'Número'),
(59, 'Observaciones', 'Text', 1, 'Observaciones'),
(59, 'FechaHora', 'Datetime', 1, 'Fecha y hora'),
(59, 'TipoDanio', 'Select', 1, 'Tipo de daño'),
(60, 'Nuclear', 'Checkbox', 1, 'Nuclear'),
(60, 'ValorAD', 'Text', 1, 'Valor AD'),
(60, 'Numero', 'Text', 1, 'Número'),
(60, 'Observaciones', 'Text', 1, 'Observaciones'),
(60, 'FechaHora', 'Datetime', 1, 'Fecha y hora'),
(60, 'TipoDanio', 'Select', 1, 'Tipo de daño'),
(61, 'Nuclear', 'Checkbox', 1, 'Nuclear'),
(61, 'ValorAD', 'Text', 1, 'Valor AD'),
(61, 'Numero', 'Text', 1, 'Número'),
(61, 'Observaciones', 'Text', 1, 'Observaciones'),
(61, 'FechaHora', 'Datetime', 1, 'Fecha y hora'),
(61, 'TipoDanio', 'Select', 1, 'Tipo de daño'),
(62, 'Nuclear', 'Checkbox', 1, 'Nuclear'),
(62, 'ValorAD', 'Text', 1, 'Valor AD'),
(62, 'Numero', 'Text', 1, 'Número'),
(62, 'Observaciones', 'Text', 1, 'Observaciones'),
(62, 'FechaHora', 'Datetime', 1, 'Fecha y hora'),
(62, 'TipoDanio', 'Select', 1, 'Tipo de daño'),
(63, 'Nuclear', 'Checkbox', 1, 'Nuclear'),
(63, 'ValorAD', 'Text', 1, 'Valor AD'),
(63, 'Numero', 'Text', 1, 'Número'),
(63, 'Observaciones', 'Text', 1, 'Observaciones'),
(63, 'FechaHora', 'Datetime', 1, 'Fecha y hora'),
(63, 'TipoDanio', 'Select', 1, 'Tipo de daño'),
(64, 'Nuclear', 'Checkbox', 1, 'Nuclear'),
(64, 'ValorAD', 'Text', 1, 'Valor AD'),
(64, 'Numero', 'Text', 1, 'Número'),
(64, 'Observaciones', 'Text', 1, 'Observaciones'),
(64, 'FechaHora', 'Datetime', 1, 'Fecha y hora'),
(64, 'TipoDanio', 'Select', 1, 'Tipo de daño'),
(65, 'Nuclear', 'Checkbox', 1, 'Nuclear'),
(65, 'ValorAD', 'Text', 1, 'Valor AD'),
(65, 'Numero', 'Text', 1, 'Número'),
(65, 'Observaciones', 'Text', 1, 'Observaciones'),
(65, 'FechaHora', 'Datetime', 1, 'Fecha y hora'),
(65, 'TipoDanio', 'Select', 1, 'Tipo de daño'),
(66, 'Nuclear', 'Checkbox', 1, 'Nuclear'),
(66, 'ValorAD', 'Text', 1, 'Valor AD'),
(66, 'Numero', 'Text', 1, 'Número'),
(66, 'Observaciones', 'Text', 1, 'Observaciones'),
(66, 'FechaHora', 'Datetime', 1, 'Fecha y hora'),
(66, 'TipoDanio', 'Select', 1, 'Tipo de daño'),
(67, 'Nuclear', 'Checkbox', 1, 'Nuclear'),
(67, 'ValorAD', 'Text', 1, 'Valor AD'),
(67, 'Numero', 'Text', 1, 'Número'),
(67, 'Observaciones', 'Text', 1, 'Observaciones'),
(67, 'FechaHora', 'Datetime', 1, 'Fecha y hora'),
(67, 'TipoDanio', 'Select', 1, 'Tipo de daño'),
(68, 'Nuclear', 'Checkbox', 1, 'Nuclear'),
(68, 'ValorAD', 'Text', 1, 'Valor AD'),
(68, 'Numero', 'Text', 1, 'Número'),
(68, 'Observaciones', 'Text', 1, 'Observaciones'),
(68, 'FechaHora', 'Datetime', 1, 'Fecha y hora'),
(68, 'TipoDanio', 'Select', 1, 'Tipo de daño'),
(69, 'Nuclear', 'Checkbox', 1, 'Nuclear'),
(69, 'ValorAD', 'Text', 1, 'Valor AD'),
(69, 'Numero', 'Text', 1, 'Número'),
(69, 'Observaciones', 'Text', 1, 'Observaciones'),
(69, 'FechaHora', 'Datetime', 1, 'Fecha y hora'),
(69, 'TipoDanio', 'Select', 1, 'Tipo de daño'),
(70, 'Nuclear', 'Checkbox', 1, 'Nuclear'),
(70, 'ValorAD', 'Text', 1, 'Valor AD'),
(70, 'Numero', 'Text', 1, 'Número'),
(70, 'Observaciones', 'Text', 1, 'Observaciones'),
(70, 'FechaHora', 'Datetime', 1, 'Fecha y hora'),
(70, 'TipoDanio', 'Select', 1, 'Tipo de daño'),
(71, 'Nuclear', 'Checkbox', 1, 'Nuclear'),
(71, 'ValorAD', 'Text', 1, 'Valor AD'),
(71, 'Numero', 'Text', 1, 'Número'),
(71, 'Observaciones', 'Text', 1, 'Observaciones'),
(71, 'FechaHora', 'Datetime', 1, 'Fecha y hora'),
(71, 'TipoDanio', 'Select', 1, 'Tipo de daño'),
(72, 'Nuclear', 'Checkbox', 1, 'Nuclear'),
(72, 'ValorAD', 'Text', 1, 'Valor AD'),
(72, 'Numero', 'Text', 1, 'Número'),
(72, 'Observaciones', 'Text', 1, 'Observaciones'),
(72, 'FechaHora', 'Datetime', 1, 'Fecha y hora'),
(72, 'TipoDanio', 'Select', 1, 'Tipo de daño'),
(73, 'Nuclear', 'Checkbox', 1, 'Nuclear'),
(73, 'ValorAD', 'Text', 1, 'Valor AD'),
(73, 'Numero', 'Text', 1, 'Número'),
(73, 'Observaciones', 'Text', 1, 'Observaciones'),
(73, 'FechaHora', 'Datetime', 1, 'Fecha y hora'),
(74, 'Nuclear', 'Checkbox', 1, 'Nuclear'),
(74, 'ValorAD', 'Text', 1, 'Valor AD'),
(74, 'Numero', 'Text', 1, 'Número'),
(74, 'Observaciones', 'Text', 1, 'Observaciones'),
(74, 'FechaHora', 'Datetime', 1, 'Fecha y hora'),
(75, 'Nuclear', 'Checkbox', 1, 'Nuclear'),
(75, 'ValorAD', 'Text', 1, 'Valor AD'),
(75, 'Numero', 'Text', 1, 'Número'),
(75, 'Observaciones', 'Text', 1, 'Observaciones'),
(75, 'FechaHora', 'Datetime', 1, 'Fecha y hora'),
(76, 'Nuclear', 'Checkbox', 1, 'Nuclear'),
(76, 'ValorAD', 'Text', 1, 'Valor AD'),
(76, 'Numero', 'Text', 1, 'Número'),
(76, 'Observaciones', 'Text', 1, 'Observaciones'),
(76, 'FechaHoraInicio', 'Datetime', 1, 'Fecha y hora Inicio'),
(76, 'FechaHoraFin', 'Datetime', 1, 'Fecha y hora Fin'),
(77, 'Nuclear', 'Checkbox', 1, 'Nuclear'),
(77, 'ValorAD', 'Text', 1, 'Valor AD'),
(77, 'Numero', 'Text', 1, 'Número'),
(77, 'Observaciones', 'Text', 1, 'Observaciones'),
(77, 'FechaHoraInicio', 'Datetime', 1, 'Fecha y hora Inicio'),
(77, 'FechaHoraFin', 'Datetime', 1, 'Fecha y hora Fin'),
(78, 'Nuclear', 'Checkbox', 1, 'Nuclear'),
(78, 'ValorAD', 'Text', 1, 'Valor AD'),
(78, 'Numero', 'Text', 1, 'Número'),
(78, 'Observaciones', 'Text', 1, 'Observaciones'),
(78, 'FechaHoraInicio', 'Datetime', 1, 'Fecha y hora Inicio'),
(78, 'FechaHoraFin', 'Datetime', 1, 'Fecha y hora Fin'),
(79, 'Nuclear', 'Checkbox', 1, 'Nuclear'),
(79, 'ValorAD', 'Text', 1, 'Valor AD'),
(79, 'Numero', 'Text', 1, 'Número'),
(79, 'Observaciones', 'Text', 1, 'Observaciones'),
(79, 'FechaHoraInicio', 'Datetime', 1, 'Fecha y hora Inicio'),
(79, 'FechaHoraFin', 'Datetime', 1, 'Fecha y hora Fin'),
(80, 'Nuclear', 'Checkbox', 1, 'Nuclear'),
(80, 'ValorAD', 'Text', 1, 'Valor AD'),
(80, 'Numero', 'Text', 1, 'Número'),
(80, 'Observaciones', 'Text', 1, 'Observaciones'),
(80, 'FechaHoraInicio', 'Datetime', 1, 'Fecha y hora Inicio'),
(80, 'FechaHoraFin', 'Datetime', 1, 'Fecha y hora Fin'),
(81, 'Nuclear', 'Checkbox', 1, 'Nuclear'),
(81, 'ValorAD', 'Text', 1, 'Valor AD'),
(81, 'Numero', 'Text', 1, 'Número'),
(81, 'Observaciones', 'Text', 1, 'Observaciones'),
(81, 'FechaHora', 'Datetime', 1, 'Fecha y hora'),
(82, 'Nuclear', 'Checkbox', 1, 'Nuclear'),
(82, 'ValorAD', 'Text', 1, 'Valor AD'),
(82, 'Numero', 'Text', 1, 'Número'),
(82, 'Observaciones', 'Text', 1, 'Observaciones'),
(82, 'FechaHoraInicio', 'Datetime', 1, 'Fecha y hora Inicio'),
(82, 'FechaHoraFin', 'Datetime', 1, 'Fecha y hora Fin'),
(83, 'Nuclear', 'Checkbox', 1, 'Nuclear'),
(83, 'ValorAD', 'Text', 1, 'Valor AD'),
(83, 'Numero', 'Text', 1, 'Número'),
(83, 'Observaciones', 'Text', 1, 'Observaciones'),
(83, 'FechaHora', 'Datetime', 1, 'Fecha y hora'),
(84, 'Nuclear', 'Checkbox', 1, 'Nuclear'),
(84, 'ValorAD', 'Text', 1, 'Valor AD'),
(84, 'Numero', 'Text', 1, 'Número'),
(84, 'Observaciones', 'Text', 1, 'Observaciones'),
(84, 'FechaHoraInicio', 'Datetime', 1, 'Fecha y hora Inicio'),
(84, 'FechaHoraFin', 'Datetime', 1, 'Fecha y hora Fin'),
(84, 'ZonaPlanificacion', 'GEOMETRY', 1, 'Zona de planificación'),
(85, 'Nuclear', 'Checkbox', 1, 'Nuclear'),
(85, 'ValorAD', 'Text', 1, 'Valor AD'),
(85, 'Numero', 'Text', 1, 'Número'),
(85, 'Observaciones', 'Text', 1, 'Observaciones'),
(85, 'FechaHoraInicio', 'Datetime', 1, 'Fecha y hora Inicio'),
(85, 'FechaHoraFin', 'Datetime', 1, 'Fecha y hora Fin'),
(85, 'ZonaPlanificacion', 'GEOMETRY', 1, 'Zona de planificación'),
(86, 'Nuclear', 'Checkbox', 1, 'Nuclear'),
(86, 'ValorAD', 'Text', 1, 'Valor AD'),
(86, 'Numero', 'Text', 1, 'Número'),
(86, 'Observaciones', 'Text', 1, 'Observaciones'),
(86, 'FechaHoraInicio', 'Datetime', 1, 'Fecha y hora Inicio'),
(86, 'FechaHoraFin', 'Datetime', 1, 'Fecha y hora Fin'),
(86, 'ZonaPlanificacion', 'GEOMETRY', 1, 'Zona de planificación'),
(87, 'Nuclear', 'Checkbox', 1, 'Nuclear'),
(87, 'ValorAD', 'Text', 1, 'Valor AD'),
(87, 'Numero', 'Text', 1, 'Número'),
(87, 'Observaciones', 'Text', 1, 'Observaciones'),
(87, 'FechaHora', 'Datetime', 1, 'Fecha y hora'),
(88, 'Nuclear', 'Checkbox', 1, 'Nuclear'),
(88, 'ValorAD', 'Text', 1, 'Valor AD'),
(88, 'Numero', 'Text', 1, 'Número'),
(88, 'Observaciones', 'Text', 1, 'Observaciones'),
(88, 'FechaHora', 'Datetime', 1, 'Fecha y hora'),
(89, 'Nuclear', 'Checkbox', 1, 'Nuclear'),
(89, 'ValorAD', 'Text', 1, 'Valor AD'),
(89, 'Numero', 'Text', 1, 'Número'),
(89, 'Observaciones', 'Text', 1, 'Observaciones'),
(89, 'FechaHora', 'Datetime', 1, 'Fecha y hora'),
(90, 'Nuclear', 'Checkbox', 1, 'Nuclear'),
(90, 'ValorAD', 'Text', 1, 'Valor AD'),
(90, 'Numero', 'Text', 1, 'Número'),
(90, 'Observaciones', 'Text', 1, 'Observaciones'),
(90, 'FechaHora', 'Datetime', 1, 'Fecha y hora'),
(91, 'Nuclear', 'Checkbox', 1, 'Nuclear'),
(91, 'ValorAD', 'Text', 1, 'Valor AD'),
(91, 'Numero', 'Text', 1, 'Número'),
(91, 'Observaciones', 'Text', 1, 'Observaciones'),
(91, 'FechaHora', 'Datetime', 1, 'Fecha y hora'),
(92, 'Nuclear', 'Checkbox', 1, 'Nuclear'),
(92, 'ValorAD', 'Text', 1, 'Valor AD'),
(92, 'Numero', 'Text', 1, 'Número'),
(92, 'Observaciones', 'Text', 1, 'Observaciones'),
(92, 'FechaHora', 'Datetime', 1, 'Fecha y hora'),
(93, 'Nuclear', 'Checkbox', 1, 'Nuclear'),
(93, 'ValorAD', 'Text', 1, 'Valor AD'),
(93, 'Numero', 'Text', 1, 'Número'),
(93, 'Observaciones', 'Text', 1, 'Observaciones'),
(93, 'Fecha', 'Date', 1, 'Fecha'),
(94, 'Nuclear', 'Checkbox', 1, 'Nuclear'),
(94, 'ValorAD', 'Text', 1, 'Valor AD'),
(94, 'Numero', 'Text', 1, 'Número'),
(94, 'Observaciones', 'Text', 1, 'Observaciones'),
(94, 'FechaHora', 'Datetime', 1, 'Fecha y hora'),
(95, 'Nuclear', 'Checkbox', 1, 'Nuclear'),
(95, 'ValorAD', 'Text', 1, 'Valor AD'),
(95, 'Numero', 'Text', 1, 'Número'),
(95, 'Observaciones', 'Text', 1, 'Observaciones'),
(95, 'Fecha', 'Date', 1, 'Fecha'),
(96, 'Nuclear', 'Checkbox', 1, 'Nuclear'),
(96, 'ValorAD', 'Text', 1, 'Valor AD'),
(96, 'Numero', 'Text', 1, 'Número'),
(96, 'Observaciones', 'Text', 1, 'Observaciones'),
(96, 'Fecha', 'Date', 1, 'Fecha'),
(97, 'Nuclear', 'Checkbox', 1, 'Nuclear'),
(97, 'ValorAD', 'Text', 1, 'Valor AD'),
(97, 'Numero', 'Text', 1, 'Número'),
(97, 'Observaciones', 'Text', 1, 'Observaciones'),
(97, 'FechaHoraInicio', 'Datetime', 1, 'Fecha y hora Inicio'),
(97, 'FechaHoraFin', 'Datetime', 1, 'Fecha y hora Fin');


SET IDENTITY_INSERT dbo.TipoDanio ON;

INSERT INTO TipoDanio (Id, Descripcion) VALUES 
(1, N'Leve'),
(2, N'Moderado'),
(3, N'Severo');

SET IDENTITY_INSERT dbo.TipoDanio OFF;

